id,y,conf,reason
0,n,h,impl
1,y,h,
2,y,h,
3,n,l,dep
4,y,h,
5,y,h,
6,n,h,impl
7,n,l,other
8,n,h,impl
9,y,h,
10,y,l,
11,n,h,impl
12,y,h,
13,n,h,dep
14,y,h,
15,n,h,impl
16,n,h,impl
17,n,h,impl
18,y,l,
19,n,h,impl
20,y,h,
21,n,h,hist
22,n,h,impl
23,n,h,impl
24,y,h,
25,n,h,impl
26,y,h,
27,n,h,impl
28,n,h,impl
29,y,h,
30,n,h,impl
31,y,l,
32,y,h,
33,n,h,hist
34,n,h,impl
35,n,h,impl
36,n,h,impl
37,n,l,impl
38,n,h,impl
39,y,l,
40,n,h,impl
41,n,h,impl
42,n,l,nonskill
43,n,h,impl
44,n,h,impl
45,n,h,impl
46,n,h,impl
47,n,l,other
48,n,h,nonskill
49,y,h,
50,y,h,
51,n,l,nonskill
52,y,h,
53,y,h,
54,y,h,
55,n,h,impl
56,n,h,impl
57,n,l,hist
58,n,l,impl
59,n,h,impl
60,n,l,nonskill
61,y,h,
62,y,l,
63,n,h,impl
64,n,l,impl
65,n,l,impl
66,n,h,impl
67,n,h,rev
68,n,h,other
69,n,l,nonskill
70,n,l,impl
71,y,h,
72,n,h,impl
73,n,h,impl
74,n,l,nonskill
75,n,h,impl
76,n,h,impl
77,y,h,
78,y,h,
79,n,l,other
80,n,h,impl
81,n,l,nonskill
82,n,h,impl
83,y,h,
84,y,h,
85,n,h,impl
86,n,h,other
87,y,h,
88,y,l,
89,y,h,
90,n,l,nonskill
91,y,h,
92,n,h,impl
93,n,h,impl
94,y,h,
95,n,h,dep
96,y,h,
97,y,l,
98,y,h,
99,y,h,
100,n,h,impl
101,n,h,impl
102,y,h,
103,y,h,
104,y,h,
105,n,l,hist
106,y,h,
107,n,h,impl
108,y,h,
109,n,h,impl
110,n,h,nonskill
111,n,l,cooc
112,y,h,
113,y,h,
114,y,h,
115,n,l,impl
116,y,h,
117,y,h,
118,n,h,impl
119,y,h,
120,y,h,
121,n,h,impl
122,y,l,
123,n,l,cooc
124,n,h,impl
125,y,h,
126,n,l,hist
127,y,h,
128,n,h,impl
129,n,l,impl
130,n,l,impl
131,y,h,
132,n,h,impl
133,n,h,impl
134,n,h,impl
135,y,h,
136,n,h,dep
137,y,l,
138,y,h,
139,y,h,
140,y,h,
141,y,h,
142,y,h,
143,n,h,impl
144,y,h,
145,y,h,
146,n,l,dep
147,y,h,
148,n,h,impl
149,n,h,impl
150,y,h,
151,n,h,impl
152,y,l,
153,n,l,impl
154,y,h,
155,y,l,
156,y,h,
157,n,l,hist
158,y,l,
159,y,h,
160,n,l,hist
161,n,h,dep
162,n,l,nonskill
163,y,h,
164,y,l,
165,y,h,
166,y,h,
167,n,l,impl
168,n,h,impl
169,y,h,
170,n,h,impl
171,n,h,impl
172,y,h,
173,y,h,
174,n,l,impl
175,y,l,
176,n,l,impl
177,y,h,
178,y,l,
179,n,l,impl
180,n,h,impl
181,n,h,impl
182,y,h,
183,n,l,other
184,y,h,
185,y,h,
186,n,h,impl
187,y,h,
188,n,h,dep
189,n,l,nonskill
190,n,l,other
191,n,h,impl
192,y,h,
193,y,h,
194,n,l,dep
195,n,l,nonskill
196,n,h,impl
197,y,h,
198,y,l,
199,y,l,
200,y,h,
201,y,h,
202,y,h,
203,y,h,
204,n,h,impl
205,n,h,impl
206,n,h,nonskill
207,y,h,
208,y,h,
209,y,l,
210,n,h,impl
211,y,l,
212,y,h,
213,n,h,impl
214,n,h,impl
215,y,l,
216,n,h,nonskill
217,y,l,
218,y,h,
219,y,h,
220,n,h,impl
221,y,h,
222,n,h,impl
223,n,l,rev
224,n,h,impl
225,n,l,impl
226,y,h,
227,n,l,hist
228,y,l,
229,y,h,
230,n,l,other
231,y,h,
232,y,h,
233,y,h,
234,y,h,
235,n,l,nonskill
236,n,l,impl
237,y,h,
238,n,h,impl
239,n,h,dep
240,n,l,cooc
241,y,h,
242,n,h,impl
243,y,h,
244,n,h,impl
245,y,h,
246,y,h,
247,n,h,impl
248,n,l,impl
249,n,h,impl
250,n,h,impl
251,n,l,nonskill
252,y,h,
253,n,h,impl
254,n,h,impl
255,n,h,impl
256,n,l,dep
257,y,l,
258,n,h,impl
259,y,h,
260,n,h,nonskill
261,y,l,
262,y,h,
263,n,h,impl
264,y,h,
265,n,l,nonskill
266,n,h,impl
267,y,h,
268,n,l,impl
269,y,h,
270,n,h,impl
271,y,h,
272,y,h,
273,n,h,impl
274,n,l,hist
275,y,l,
276,n,h,nonskill
277,y,h,
278,y,h,
279,y,h,
280,n,h,impl
281,y,h,
282,y,l,
283,y,h,
284,n,h,impl
285,n,h,impl
286,n,l,nonskill
287,n,h,impl
288,y,h,
289,n,h,impl
290,y,h,
291,n,h,nonskill
292,y,h,
293,n,h,impl
294,y,h,
295,y,l,
296,y,l,
297,n,h,impl
298,y,h,
299,y,h,
300,y,h,
301,n,h,impl
302,n,h,impl
303,n,h,impl
304,y,h,
305,y,h,
306,y,h,
307,n,h,impl
308,y,h,
309,n,l,hist
310,y,h,
311,y,h,
312,n,h,impl
313,y,h,
314,n,l,nonskill
315,n,h,nonskill
316,y,h,
317,n,h,impl
318,y,l,
319,n,h,nonskill
320,n,h,impl
321,y,h,
322,y,h,
323,y,l,
324,y,h,
325,n,h,impl
326,y,l,
327,y,h,
328,n,h,impl
329,y,l,
330,y,h,
331,n,h,dep
332,n,l,impl
333,n,h,impl
334,n,h,impl
335,n,h,impl
336,y,h,
337,y,h,
338,y,h,
339,n,h,nonskill
340,y,h,
341,n,h,impl
342,n,l,impl
343,y,l,
344,y,h,
345,y,h,
346,n,l,hist
347,y,h,
348,n,h,impl
349,n,h,rev
350,y,h,
351,y,l,
352,y,h,
353,n,h,impl
354,n,l,other
355,n,l,impl
356,n,l,impl
357,y,h,
358,n,l,other
359,n,h,impl
360,n,h,nonskill
361,n,h,dep
362,n,h,impl
363,y,h,
364,n,h,nonskill
365,n,l,other
366,y,h,
367,n,h,dep
368,y,h,
369,n,h,dep
370,y,h,
371,n,l,nonskill
372,n,h,impl
373,y,h,
374,y,l,
375,n,h,impl
376,y,h,
377,y,h,
378,n,h,impl
379,n,h,impl
380,y,h,
381,n,h,impl
382,y,l,
383,y,h,
384,y,h,
385,y,h,
386,n,l,impl
387,y,l,
388,y,h,
389,y,h,
390,n,l,hist
391,n,h,impl
392,y,h,
393,y,h,
394,y,h,
395,n,l,other
396,n,l,cooc
397,y,h,
398,n,h,impl
399,y,h,
400,n,h,impl
401,y,h,
402,y,h,
403,y,h,
404,y,h,
405,y,h,
406,y,h,
407,n,h,impl
408,y,l,
409,y,h,
410,y,h,
411,n,h,impl
412,n,l,other
413,n,l,other
414,y,l,
415,y,h,
416,y,h,
417,n,h,impl
418,n,h,impl
419,y,h,
420,n,h,impl
421,n,h,dep
422,n,l,impl
423,y,h,
424,n,h,impl
425,y,h,
426,y,h,
427,y,h,
428,y,h,
429,n,l,other
430,n,h,impl
431,n,l,nonskill
432,n,h,impl
433,n,h,impl
434,y,h,
435,y,l,
436,n,h,impl
437,n,h,impl
438,n,h,impl
