A,B,conf,evidence,ok(y/n),note
Python Cryptography Toolkit,Python,h,wd:programmed_in,y,
QGIS,Python,l,wd:programmed_in,n,"it can be that we need c++ dev for QGIS, so low confideden "
Istio,Kubernetes,l,so:P(dst|src)=0.59,,
Scapy,Python,h,wd:programmed_in,,
public-key cryptography,encryption,h,so:P(dst|src)=0.35,,
ms-access,Visual Basic for Applications,l,so:P(dst|src)=0.37,,
Android Jetpack,Kotlin,l,wd:programmed_in; so:P(dst|src)=0.35,,
Prisma ORM,TypeScript,l,wd:programmed_in,,
f2c,C,l,wd:programmed_in,,
ActiveX,Component Object Model,h,wd:based_on,,
fuzzing,software testing,h,wd:subclass_of,,
Microsoft SharePoint,C#,l,wd:programmed_in,,
speech recognition,natural language processing,l,wd:subclass_of,,
XSL Formatting Objects,XSLT,l,so:P(dst|src)=0.52,,
Java annotation,Java,h,wd:part_of,,
Apache Spark,Python,l,wd:programmed_in,,
scikit-learn,SciPy,l,wd:depends_on,,
inotify,Linux kernel,h,wd:part_of,,
LaTeX,markup language,h,wd:subclass_of; wd:instance_of,,
Windows Driver Model,Windows API,h,wd:part_of,,
Kivy,Python,h,wd:programmed_in,,
Serverless Framework,web framework,l,wd:subclass_of,,
JanusGraph,Java,l,wd:programmed_in,,
GIF,Lempel–Ziv–Welch,l,wd:based_on,,
Common Lisp,functional programming language,l,wd:instance_of,,
pyspark,Apache Spark,h,so:P(dst|src)=0.58,,
Pyjs,web framework,h,wd:instance_of,,
MHTML,HTML,l,wd:based_on,,
Motoko,functional programming language,h,wd:instance_of,,
jQuery Mobile,web framework,l,wd:instance_of,,
big O notation,algorithm,l,so:P(dst|src)=0.47,,
Web.config,ASP.NET,h,so:P(dst|src)=0.44,,
Microsoft Foundation Class Library,C++,h,so:P(dst|src)=0.58,,
Wikibase Suite,MediaWiki,h,wd:based_on,,
Firebase Authentication,Firebase,h,so:P(dst|src)=0.80,,
Entity Framework,C#,h,wd:programmed_in,,
Robot Framework,Python,l,wd:programmed_in,,
cyanogenmod,Linux distribution,l,wd:instance_of,,
x86-64,assembly language,l,so:P(dst|src)=0.64,,
scikit-image,image processing,h,so:P(dst|src)=0.34,,
GNU Multiple Precision Arithmetic Library,C,l,wd:programmed_in,,
GlassFish,Java,l,wd:programmed_in,,
RRDtool,database management system,l,wd:instance_of,,
Simple Common Gateway Interface,Common Gateway Interface,l,wd:based_on,,
App Maker,cloud computing,l,wd:instance_of,,
File Transfer Protocol,Internet protocol suite,h,wd:part_of,,
Apache Airflow,Jinja,l,wd:depends_on,,
cross-validation,machine learning,h,so:P(dst|src)=0.31,,
SymPy,Python,h,wd:programmed_in,,
Bootstrap,Sass,l,wd:programmed_in,,
Apache Flink,Scala,l,wd:programmed_in,,
artificial neural network,machine learning,h,so:P(dst|src)=0.30,,
JavaScript,JScript,l,,,
Apache CouchDB,database management system,h,wd:instance_of,,
Google Sites,Google Workspace,h,wd:part_of,,
OAuth 1,OAuth,h,wd:part_of,,
Ogre3d,game engine,h,wd:instance_of,,
graph theory,algorithm,l,so:P(dst|src)=0.82,,
Spring Framework,web framework,l,wd:instance_of,,
ArangoDB,graph database management system,l,wd:instance_of,,
Ming library,C,l,wd:programmed_in,,
ALGLIB,C++,l,wd:programmed_in,,
Sinatra,Rack,l,wd:depends_on,,
Apache Struts,Jakarta Server Pages,l,so:P(dst|src)=0.28,,
Jackson,JSON,h,so:P(dst|src)=0.53,,
Google Cloud Datastore,Google App Engine,l,so:P(dst|src)=0.76,,
Blink,C++,l,wd:programmed_in,,
Gradle,build system,h,wd:instance_of,,
Keras,Python,h,wd:programmed_in; so:P(dst|src)=0.63,,
VMware Fusion,hypervisor,h,wd:instance_of,,
batch file,Microsoft Windows,h,so:P(dst|src)=0.28,,
Error Reporting,cloud computing,h,wd:instance_of,,
distributed computing,parallel computing,l,wd:subclass_of,,
Magit,Emacs Lisp,l,wd:programmed_in,,
google-chrome,chromium,l,wd:based_on,,
Docker Compose,Docker,h,so:P(dst|src)=0.98,,
Silex,Symfony,h,so:P(dst|src)=0.39,,
Jakarta EE,web framework,l,wd:instance_of,,
Doctrine,PHP,h,wd:programmed_in,,
Apache Flex,ActionScript,h,wd:programmed_in,,
Mezzanine,content management system,h,wd:instance_of,,
Azure,cloud computing,h,wd:instance_of,,
QGIS,PROJ,l,wd:depends_on,,
App Maker,Google Workspace,l,wd:part_of,,
SPARK,Ada,h,wd:programmed_in,,
TensorFlow,NumPy,l,wd:depends_on,,
ASP.NET,web framework,h,wd:instance_of,,
Data Studio,cloud computing,h,wd:instance_of,,
jQuery UI,JavaScript,h,wd:programmed_in; wd:depends_on; so:P(dst|src)=0.37,,
Nuxt,JavaScript,h,wd:programmed_in,,
channel,Go,l,so:P(dst|src)=0.44,,
NixOS,systemd,l,wd:based_on,,
stored procedure,SQL,h,so:P(dst|src)=0.33,,
IBATIS,Java,h,wd:programmed_in,,
Apache Tapestry,web framework,h,wd:instance_of,,
Lempel–Ziv–Markov chain algorithm,LZ77,l,wd:based_on,,
Plotly,Python,l,wd:programmed_in,,
Knockout.js,JavaScript,h,wd:depends_on; wd:programmed_in,,
Detectron2,PyTorch,h,wd:programmed_in,,
GROUP BY,SQL,h,so:P(dst|src)=0.37,,
